customer98,123456
customer99,123456
customer100,123456
customer101,123456
customer102,123456
customer103,123456
customer104,123456
customer105,123456
customer106,123456
customer107,123456
customer108,123456
customer109,123456
customer110,123456
customer111,123456
customer112,123456
customer113,123456
customer114,123456
customer115,123456
customer116,123456
customer117,123456
customer118,123456
customer119,123456
customer120,123456
customer121,123456
customer122,123456
customer123,123456
customer124,123456
customer125,123456
customer126,123456
customer127,123456
customer128,123456
customer129,123456
customer130,123456
customer131,123456
customer132,123456
customer133,123456
customer134,123456
customer135,123456
customer136,123456
customer137,123456
customer138,123456
customer139,123456
customer140,123456
customer141,123456
customer142,123456
customer143,123456
customer144,123456
customer145,123456
customer146,123456
customer147,123456
customer148,123456
customer149,123456
customer150,123456
customer151,123456
customer152,123456
customer153,123456
customer154,123456
customer155,123456
customer156,123456
customer157,123456
customer158,123456
customer159,123456
customer160,123456
customer161,123456
customer162,123456
customer163,123456
customer164,123456
customer165,123456
customer166,123456
customer167,123456
customer168,123456
customer169,123456
customer170,123456
customer171,123456
customer172,123456
customer173,123456
customer174,123456
customer175,123456
customer176,123456
customer177,123456
customer178,123456
customer179,123456
customer180,123456
customer181,123456
customer182,123456
customer183,123456
customer184,123456
customer185,123456
customer186,123456
customer187,123456
customer188,123456
customer189,123456
customer190,123456
customer191,123456
customer192,123456
customer193,123456
customer194,123456
customer195,123456
customer196,123456
customer197,123456
customer198,123456
customer199,123456
customer200,123456
customer201,123456
customer202,123456
customer203,123456
customer204,123456
customer205,123456
customer206,123456
customer207,123456
customer208,123456
customer209,123456
customer210,123456
customer211,123456
customer212,123456
customer213,123456
customer214,123456
customer215,123456
customer216,123456
customer217,123456
customer218,123456
customer219,123456
customer220,123456
customer221,123456
customer222,123456
customer223,123456
customer224,123456
customer225,123456
customer226,123456
customer227,123456
customer228,123456
customer229,123456
customer230,123456
customer231,123456
customer232,123456
customer233,123456
customer234,123456
customer235,123456
customer236,123456
customer237,123456
customer238,123456
customer239,123456
customer240,123456
customer241,123456
customer242,123456
customer243,123456
customer244,123456
customer245,123456
customer246,123456
customer247,123456
customer248,123456
customer249,123456
customer250,123456
customer251,123456
customer252,123456
customer253,123456
customer254,123456
customer255,123456
customer256,123456
customer257,123456
customer258,123456
customer259,123456
customer260,123456
customer261,123456
customer262,123456
customer263,123456
customer264,123456
customer265,123456
customer266,123456
customer267,123456
customer268,123456
customer269,123456
customer270,123456
customer271,123456
customer272,123456
customer273,123456
customer274,123456
customer275,123456
customer276,123456
customer277,123456
customer278,123456
customer279,123456
customer280,123456
customer281,123456
customer282,123456
customer283,123456
customer284,123456
customer285,123456
customer286,123456
customer287,123456
customer288,123456
customer289,123456
customer290,123456
customer291,123456
customer292,123456
customer293,123456
customer294,123456
customer295,123456
customer296,123456
customer297,123456
customer298,123456
customer299,123456
customer300,123456
customer301,123456
customer302,123456
customer303,123456
customer304,123456
customer305,123456
customer306,123456
customer307,123456
customer308,123456
customer309,123456
customer310,123456
customer311,123456
customer312,123456
customer313,123456
customer314,123456
customer315,123456
customer316,123456
customer317,123456
customer318,123456
customer319,123456
customer320,123456
customer321,123456
customer322,123456
customer323,123456
customer324,123456
customer325,123456
customer326,123456
customer327,123456
customer328,123456
customer329,123456
customer330,123456
customer331,123456
customer332,123456
customer333,123456
customer334,123456
customer335,123456
customer336,123456
customer337,123456
customer338,123456
customer339,123456
customer340,123456
customer341,123456
customer342,123456
customer343,123456
customer344,123456
customer345,123456
customer346,123456
customer347,123456
customer348,123456
customer349,123456
customer350,123456
customer351,123456
customer352,123456
customer353,123456
customer354,123456
customer355,123456
customer356,123456
customer357,123456
customer358,123456
customer359,123456
customer360,123456
customer361,123456
customer362,123456
customer363,123456
customer364,123456
customer365,123456
customer366,123456
customer367,123456
customer368,123456
customer369,123456
customer370,123456
customer371,123456
customer372,123456
customer373,123456
customer374,123456
customer375,123456
customer376,123456
customer377,123456
customer378,123456
customer379,123456
customer380,123456
customer381,123456
customer382,123456
customer383,123456
customer384,123456
customer385,123456
customer386,123456
customer387,123456
customer388,123456
customer389,123456
customer390,123456
customer391,123456
customer392,123456
customer393,123456
customer394,123456
customer395,123456
customer396,123456
customer397,123456
customer398,123456
customer399,123456
customer400,123456
customer401,123456
customer402,123456
customer403,123456
customer404,123456
customer405,123456
customer406,123456
customer407,123456
customer408,123456
customer409,123456
customer410,123456
customer411,123456
customer412,123456
customer413,123456
customer414,123456
customer415,123456
customer416,123456
customer417,123456
customer418,123456
customer419,123456
customer420,123456
customer421,123456
customer422,123456
customer423,123456
customer424,123456
customer425,123456
customer426,123456
customer427,123456
customer428,123456
customer429,123456
customer430,123456
customer431,123456
customer432,123456
customer433,123456
customer434,123456
customer435,123456
customer436,123456
customer437,123456
customer438,123456
customer439,123456
customer440,123456
customer441,123456
customer442,123456
customer443,123456
customer444,123456
customer445,123456
customer446,123456
customer447,123456
customer448,123456
customer449,123456
customer450,123456
customer451,123456
customer452,123456
customer453,123456
customer454,123456
customer455,123456
customer456,123456
customer457,123456
customer458,123456
customer459,123456
customer460,123456
customer461,123456
customer462,123456
customer463,123456
customer464,123456
customer465,123456
customer466,123456
customer467,123456
customer468,123456
customer469,123456
customer470,123456
customer471,123456
customer472,123456
customer473,123456
customer474,123456
customer475,123456
customer476,123456
customer477,123456
customer478,123456
customer479,123456
customer480,123456
customer481,123456
customer482,123456
customer483,123456
customer484,123456
customer485,123456
customer486,123456
customer487,123456
customer488,123456
customer489,123456
customer490,123456
customer491,123456
customer492,123456
customer493,123456
customer494,123456
customer495,123456
customer496,123456
customer497,123456
customer498,123456
customer499,123456
customer500,123456
customer501,123456
customer502,123456
customer503,123456
customer504,123456
customer505,123456
customer506,123456
customer507,123456
customer508,123456
customer509,123456
customer510,123456
customer511,123456
customer512,123456
customer513,123456
customer514,123456
customer515,123456
customer516,123456
customer517,123456
customer518,123456
customer519,123456
customer520,123456
customer521,123456
customer522,123456
customer523,123456
customer524,123456
customer525,123456
customer526,123456
customer527,123456
customer528,123456
customer529,123456
customer530,123456
customer531,123456
customer532,123456
customer533,123456
customer534,123456
customer535,123456
customer536,123456
customer537,123456
customer538,123456
customer539,123456
customer540,123456
customer541,123456
customer542,123456
customer543,123456
customer544,123456
customer545,123456
customer546,123456
customer547,123456
customer548,123456
customer549,123456
customer550,123456
customer551,123456
customer552,123456
customer553,123456
customer554,123456
customer555,123456
customer556,123456
customer557,123456
customer558,123456
customer559,123456
customer560,123456
customer561,123456
customer562,123456
customer563,123456
customer564,123456
customer565,123456
customer566,123456
customer567,123456
customer568,123456
customer569,123456
customer570,123456
customer571,123456
customer572,123456
customer573,123456
customer574,123456
customer575,123456
customer576,123456
customer577,123456
customer578,123456
customer579,123456
customer580,123456
customer581,123456
customer582,123456
customer583,123456
customer584,123456
customer585,123456
customer586,123456
customer587,123456
customer588,123456
customer589,123456
customer590,123456
customer591,123456
customer592,123456
customer593,123456
customer594,123456
customer595,123456
customer596,123456
customer597,123456
customer598,123456
customer599,123456
customer600,123456
customer601,123456
customer602,123456
customer603,123456
customer604,123456
customer605,123456
customer606,123456
customer607,123456
customer608,123456
customer609,123456
customer610,123456
customer611,123456
customer612,123456
customer613,123456
customer614,123456
customer615,123456
customer616,123456
customer617,123456
customer618,123456
customer619,123456
customer620,123456
customer621,123456
customer622,123456
customer623,123456
customer624,123456
customer625,123456
customer626,123456
customer627,123456
customer628,123456
customer629,123456
customer630,123456
customer631,123456
customer632,123456
customer633,123456
customer634,123456
customer635,123456
customer636,123456
customer637,123456
customer638,123456
customer639,123456
customer640,123456
customer641,123456
customer642,123456
customer643,123456
customer644,123456
customer645,123456
customer646,123456
customer647,123456
customer648,123456
customer649,123456
customer650,123456
customer651,123456
customer652,123456
customer653,123456
customer654,123456
customer655,123456
customer656,123456
customer657,123456
customer658,123456
customer659,123456
customer660,123456
customer661,123456
customer662,123456
customer663,123456
customer664,123456
customer665,123456
customer666,123456
customer667,123456
customer668,123456
customer669,123456
customer670,123456
customer671,123456
customer672,123456
customer673,123456
customer674,123456
customer675,123456
customer676,123456
customer677,123456
customer678,123456
customer679,123456
customer680,123456
customer681,123456
customer682,123456
customer683,123456
customer684,123456
customer685,123456
customer686,123456
customer687,123456
customer688,123456
customer689,123456
customer690,123456
customer691,123456
customer692,123456
customer693,123456
customer694,123456
customer695,123456
customer696,123456
customer697,123456
customer698,123456
customer699,123456
customer700,123456
customer701,123456
customer702,123456
customer703,123456
customer704,123456
customer705,123456
customer706,123456
customer707,123456
customer708,123456
customer709,123456
customer710,123456
customer711,123456
customer712,123456
customer713,123456
customer714,123456
customer715,123456
customer716,123456
customer717,123456
customer718,123456
customer719,123456
customer720,123456
customer721,123456
customer722,123456
customer723,123456
customer724,123456
customer725,123456
customer726,123456
customer727,123456
customer728,123456
customer729,123456
customer730,123456
customer731,123456
customer732,123456
customer733,123456
customer734,123456
customer735,123456
customer736,123456
customer737,123456
customer738,123456
customer739,123456
customer740,123456
customer741,123456
customer742,123456
customer743,123456
customer744,123456
customer745,123456
customer746,123456
customer747,123456
customer748,123456
customer749,123456
customer750,123456
customer751,123456
customer752,123456
customer753,123456
customer754,123456
customer755,123456
customer756,123456
customer757,123456
customer758,123456
customer759,123456
customer760,123456
customer761,123456
customer762,123456
customer763,123456
customer764,123456
customer765,123456
customer766,123456
customer767,123456
customer768,123456
customer769,123456
customer770,123456
customer771,123456
customer772,123456
customer773,123456
customer774,123456
customer775,123456
customer776,123456
customer777,123456
customer778,123456
customer779,123456
customer780,123456
customer781,123456
customer782,123456
customer783,123456
customer784,123456
customer785,123456
customer786,123456
customer787,123456
customer788,123456
customer789,123456
customer790,123456
customer791,123456
customer792,123456
customer793,123456
customer794,123456
customer795,123456
customer796,123456
customer797,123456
customer798,123456
customer799,123456
customer800,123456
customer801,123456
customer802,123456
customer803,123456
customer804,123456
customer805,123456
customer806,123456
customer807,123456
customer808,123456
customer809,123456
customer810,123456
customer811,123456
customer812,123456
customer813,123456
customer814,123456
customer815,123456
customer816,123456
customer817,123456
customer818,123456
customer819,123456
customer820,123456
customer821,123456
customer822,123456
customer823,123456
customer824,123456
customer825,123456
customer826,123456
customer827,123456
customer828,123456
customer829,123456
customer830,123456
customer831,123456
customer832,123456
customer833,123456
customer834,123456
customer835,123456
customer836,123456
customer837,123456
customer838,123456
customer839,123456
customer840,123456
customer841,123456
customer842,123456
customer843,123456
customer844,123456
customer845,123456
customer846,123456
customer847,123456
customer848,123456
customer849,123456
customer850,123456
customer851,123456
customer852,123456
customer853,123456
customer854,123456
customer855,123456
customer856,123456
customer857,123456
customer858,123456
customer859,123456
customer860,123456
customer861,123456
customer862,123456
customer863,123456
customer864,123456
customer865,123456
customer866,123456
customer867,123456
customer868,123456
customer869,123456
customer870,123456
customer871,123456
customer872,123456
customer873,123456
customer874,123456
customer875,123456
customer876,123456
customer877,123456
customer878,123456
customer879,123456
customer880,123456
customer881,123456
customer882,123456
customer883,123456
customer884,123456
customer885,123456
customer886,123456
customer887,123456
customer888,123456
customer889,123456
customer890,123456
customer891,123456
customer892,123456
customer893,123456
customer894,123456
customer895,123456
customer896,123456
customer897,123456
customer898,123456
customer899,123456
customer900,123456
customer901,123456
customer902,123456
customer903,123456
customer904,123456
customer905,123456
customer906,123456
customer907,123456
customer908,123456
customer909,123456
customer910,123456
customer911,123456
customer912,123456
customer913,123456
customer914,123456
customer915,123456
customer916,123456
customer917,123456
customer918,123456
customer919,123456
customer920,123456
customer921,123456
customer922,123456
customer923,123456
customer924,123456
customer925,123456
customer926,123456
customer927,123456
customer928,123456
customer929,123456
customer930,123456
customer931,123456
customer932,123456
customer933,123456
customer934,123456
customer935,123456
customer936,123456
customer937,123456
customer938,123456
customer939,123456
customer940,123456
customer941,123456
customer942,123456
customer943,123456
customer944,123456
customer945,123456
customer946,123456
customer947,123456
customer948,123456
customer949,123456
customer950,123456
customer951,123456
customer952,123456
customer953,123456
customer954,123456
customer955,123456
customer956,123456
customer957,123456
customer958,123456
customer959,123456
customer960,123456
customer961,123456
customer962,123456
customer963,123456
customer964,123456
customer965,123456
customer966,123456
customer967,123456
customer968,123456
customer969,123456
customer970,123456
customer971,123456
customer972,123456
customer973,123456
customer974,123456
customer975,123456
customer976,123456
customer977,123456
customer978,123456
customer979,123456
customer980,123456
customer981,123456
customer982,123456
customer983,123456
customer984,123456
customer985,123456
customer986,123456
customer987,123456
customer988,123456
customer989,123456
customer990,123456
customer991,123456
customer992,123456
customer993,123456
customer994,123456
customer995,123456
customer996,123456
customer997,123456
customer998,123456
customer999,123456
customer1000,123456
customer1001,123456
customer1002,123456
customer1003,123456
customer1004,123456
customer1005,123456
customer1006,123456
customer1007,123456
customer1008,123456
customer1009,123456
customer1010,123456
customer1011,123456
customer1012,123456
customer1013,123456
customer1014,123456
customer1015,123456
customer1016,123456
customer1017,123456
customer1018,123456
customer1019,123456
customer1020,123456
customer1021,123456
customer1022,123456
customer1023,123456
customer1024,123456
customer1025,123456
customer1026,123456
customer1027,123456
customer1028,123456
customer1029,123456
customer1030,123456
customer1031,123456
customer1032,123456
customer1033,123456
customer1034,123456
customer1035,123456
customer1036,123456
customer1037,123456
customer1038,123456
customer1039,123456
customer1040,123456
customer1041,123456
customer1042,123456
customer1043,123456
customer1044,123456
customer1045,123456
customer1046,123456
customer1047,123456
customer1048,123456
customer1049,123456
customer1050,123456
customer1051,123456
customer1052,123456
customer1053,123456
customer1054,123456
customer1055,123456
customer1056,123456
customer1057,123456
customer1058,123456
customer1059,123456
customer1060,123456
customer1061,123456
customer1062,123456
customer1063,123456
customer1064,123456
customer1065,123456
customer1066,123456
customer1067,123456
customer1068,123456
customer1069,123456
customer1070,123456
customer1071,123456
customer1072,123456
customer1073,123456
customer1074,123456
customer1075,123456
customer1076,123456
customer1077,123456
customer1078,123456
customer1079,123456
customer1080,123456
customer1081,123456
customer1082,123456
customer1083,123456
customer1084,123456
customer1085,123456
customer1086,123456
customer1087,123456
customer1088,123456
customer1089,123456
customer1090,123456
customer1091,123456
customer1092,123456
customer1093,123456
customer1094,123456
customer1095,123456
customer1096,123456
customer1097,123456
customer1098,123456
customer1099,123456
customer1100,123456
customer1101,123456
customer1102,123456
customer1103,123456
customer1104,123456
customer1105,123456
customer1106,123456
customer1107,123456
customer1108,123456
customer1109,123456
customer1110,123456
customer1111,123456
customer1112,123456
customer1113,123456
customer1114,123456
customer1115,123456
customer1116,123456
customer1117,123456
customer1118,123456
customer1119,123456
customer1120,123456
customer1121,123456
customer1122,123456
customer1123,123456
customer1124,123456
customer1125,123456
customer1126,123456
customer1127,123456
customer1128,123456
customer1129,123456
customer1130,123456
customer1131,123456
customer1132,123456
customer1133,123456
customer1134,123456
customer1135,123456
customer1136,123456
customer1137,123456
customer1138,123456
customer1139,123456
customer1140,123456
customer1141,123456
customer1142,123456
customer1143,123456
customer1144,123456
customer1145,123456
customer1146,123456
customer1147,123456
customer1148,123456
customer1149,123456
customer1150,123456
customer1151,123456
customer1152,123456
customer1153,123456
customer1154,123456
customer1155,123456
customer1156,123456
customer1157,123456
customer1158,123456
customer1159,123456
customer1160,123456
customer1161,123456
customer1162,123456
customer1163,123456
customer1164,123456
customer1165,123456
customer1166,123456
customer1167,123456
customer1168,123456
customer1169,123456
customer1170,123456
customer1171,123456
customer1172,123456
customer1173,123456
customer1174,123456
customer1175,123456
customer1176,123456
customer1177,123456
customer1178,123456
customer1179,123456
customer1180,123456
customer1181,123456
customer1182,123456
customer1183,123456
customer1184,123456
customer1185,123456
customer1186,123456
customer1187,123456
customer1188,123456
customer1189,123456
customer1190,123456
customer1191,123456
customer1192,123456
customer1193,123456
customer1194,123456
customer1195,123456
customer1196,123456
customer1197,123456
customer1198,123456
customer1199,123456
customer1200,123456
customer1201,123456
customer1202,123456
customer1203,123456
customer1204,123456
customer1205,123456
customer1206,123456
customer1207,123456
customer1208,123456
customer1209,123456
customer1210,123456
customer1211,123456
customer1212,123456
customer1213,123456
customer1214,123456
customer1215,123456
customer1216,123456
customer1217,123456
customer1218,123456
customer1219,123456
customer1220,123456
customer1221,123456
customer1222,123456
customer1223,123456
customer1224,123456
customer1225,123456
customer1226,123456
customer1227,123456
customer1228,123456
customer1229,123456
customer1230,123456
customer1231,123456
customer1232,123456
customer1233,123456
customer1234,123456
customer1235,123456
customer1236,123456
customer1237,123456
customer1238,123456
customer1239,123456
customer1240,123456
customer1241,123456
customer1242,123456
customer1243,123456
customer1244,123456
customer1245,123456
customer1246,123456
customer1247,123456
customer1248,123456
customer1249,123456
customer1250,123456
customer1251,123456
customer1252,123456
customer1253,123456
customer1254,123456
customer1255,123456
customer1256,123456
customer1257,123456
customer1258,123456
customer1259,123456
customer1260,123456
customer1261,123456
customer1262,123456
customer1263,123456
customer1264,123456
customer1265,123456
customer1266,123456
customer1267,123456
customer1268,123456
customer1269,123456
customer1270,123456
customer1271,123456
customer1272,123456
customer1273,123456
customer1274,123456
customer1275,123456
customer1276,123456
customer1277,123456
customer1278,123456
customer1279,123456
customer1280,123456
customer1281,123456
customer1282,123456
customer1283,123456
customer1284,123456
customer1285,123456
customer1286,123456
customer1287,123456
customer1288,123456
customer1289,123456
customer1290,123456
customer1291,123456
customer1292,123456
customer1293,123456
customer1294,123456
customer1295,123456
customer1296,123456
customer1297,123456
customer1298,123456
customer1299,123456
customer1300,123456
customer1301,123456
customer1302,123456
customer1303,123456
customer1304,123456
customer1305,123456
customer1306,123456
customer1307,123456
customer1308,123456
customer1309,123456
customer1310,123456
customer1311,123456
customer1312,123456
customer1313,123456
customer1314,123456
customer1315,123456
customer1316,123456
customer1317,123456
customer1318,123456
customer1319,123456
customer1320,123456
customer1321,123456
customer1322,123456
customer1323,123456
customer1324,123456
customer1325,123456
customer1326,123456
customer1327,123456
customer1328,123456
customer1329,123456
customer1330,123456
customer1331,123456
customer1332,123456
customer1333,123456
customer1334,123456
customer1335,123456
customer1336,123456
customer1337,123456
customer1338,123456
customer1339,123456
customer1340,123456
customer1341,123456
customer1342,123456
customer1343,123456
customer1344,123456
customer1345,123456
customer1346,123456
customer1347,123456
customer1348,123456
customer1349,123456
customer1350,123456
customer1351,123456
customer1352,123456
customer1353,123456
customer1354,123456
customer1355,123456
customer1356,123456
customer1357,123456
customer1358,123456
customer1359,123456
customer1360,123456
customer1361,123456
customer1362,123456
customer1363,123456
customer1364,123456
customer1365,123456
customer1366,123456
customer1367,123456
customer1368,123456
customer1369,123456
customer1370,123456
customer1371,123456
customer1372,123456
customer1373,123456
customer1374,123456
customer1375,123456
customer1376,123456
customer1377,123456
customer1378,123456
customer1379,123456
customer1380,123456
customer1381,123456
customer1382,123456
customer1383,123456
customer1384,123456
customer1385,123456
customer1386,123456
customer1387,123456
customer1388,123456
customer1389,123456
customer1390,123456
customer1391,123456
customer1392,123456
customer1393,123456
customer1394,123456
customer1395,123456
customer1396,123456
customer1397,123456
customer1398,123456
customer1399,123456
customer1400,123456
customer1401,123456
customer1402,123456
customer1403,123456
customer1404,123456
customer1405,123456
customer1406,123456
customer1407,123456
customer1408,123456
customer1409,123456
customer1410,123456
customer1411,123456
customer1412,123456
customer1413,123456
customer1414,123456
customer1415,123456
customer1416,123456
customer1417,123456
customer1418,123456
customer1419,123456
customer1420,123456
customer1421,123456
customer1422,123456
customer1423,123456
customer1424,123456
customer1425,123456
customer1426,123456
customer1427,123456
customer1428,123456
customer1429,123456
customer1430,123456
customer1431,123456
customer1432,123456
customer1433,123456
customer1434,123456
customer1435,123456
customer1436,123456
customer1437,123456
customer1438,123456
customer1439,123456
customer1440,123456
customer1441,123456
customer1442,123456
customer1443,123456
customer1444,123456
customer1445,123456
customer1446,123456
customer1447,123456
customer1448,123456
customer1449,123456
customer1450,123456
customer1451,123456
customer1452,123456
customer1453,123456
customer1454,123456
customer1455,123456
customer1456,123456
customer1457,123456
customer1458,123456
customer1459,123456
customer1460,123456
customer1461,123456
customer1462,123456
customer1463,123456
customer1464,123456
customer1465,123456
customer1466,123456
customer1467,123456
customer1468,123456
customer1469,123456
customer1470,123456
customer1471,123456
customer1472,123456
customer1473,123456
customer1474,123456
customer1475,123456
customer1476,123456
customer1477,123456
customer1478,123456
customer1479,123456
customer1480,123456
customer1481,123456
customer1482,123456
customer1483,123456
customer1484,123456
customer1485,123456
customer1486,123456
customer1487,123456
customer1488,123456
customer1489,123456
customer1490,123456
customer1491,123456
customer1492,123456
customer1493,123456
customer1494,123456
customer1495,123456
customer1496,123456
customer1497,123456
customer1498,123456
customer1499,123456
customer1500,123456
customer1501,123456
customer1502,123456
customer1503,123456
customer1504,123456
customer1505,123456
customer1506,123456
customer1507,123456
customer1508,123456
customer1509,123456
customer1510,123456
customer1511,123456
customer1512,123456
customer1513,123456
customer1514,123456
customer1515,123456
customer1516,123456
customer1517,123456
customer1518,123456
customer1519,123456
customer1520,123456
customer1521,123456
customer1522,123456
customer1523,123456
customer1524,123456
customer1525,123456
customer1526,123456
customer1527,123456
customer1528,123456
customer1529,123456
customer1530,123456
customer1531,123456
customer1532,123456
customer1533,123456
customer1534,123456
customer1535,123456
customer1536,123456
customer1537,123456
customer1538,123456
customer1539,123456
customer1540,123456
customer1541,123456
customer1542,123456
customer1543,123456
customer1544,123456
customer1545,123456
customer1546,123456
customer1547,123456
customer1548,123456
customer1549,123456
customer1550,123456
customer1551,123456
customer1552,123456
customer1553,123456
customer1554,123456
customer1555,123456
customer1556,123456
customer1557,123456
customer1558,123456
customer1559,123456
customer1560,123456
customer1561,123456
customer1562,123456
customer1563,123456
customer1564,123456
customer1565,123456
customer1566,123456
customer1567,123456
customer1568,123456
customer1569,123456
customer1570,123456
customer1571,123456
customer1572,123456
customer1573,123456
customer1574,123456
customer1575,123456
customer1576,123456
customer1577,123456
customer1578,123456
customer1579,123456
customer1580,123456
customer1581,123456
customer1582,123456
customer1583,123456
customer1584,123456
customer1585,123456
customer1586,123456
customer1587,123456
customer1588,123456
customer1589,123456
customer1590,123456
customer1591,123456
customer1592,123456
customer1593,123456
customer1594,123456
customer1595,123456
customer1596,123456
customer1597,123456
customer1598,123456
customer1599,123456
customer1600,123456
customer1601,123456
customer1602,123456
customer1603,123456
customer1604,123456
customer1605,123456
customer1606,123456
customer1607,123456
customer1608,123456
customer1609,123456
customer1610,123456
customer1611,123456
customer1612,123456
customer1613,123456
customer1614,123456
customer1615,123456
customer1616,123456
customer1617,123456
customer1618,123456
customer1619,123456
customer1620,123456
customer1621,123456
customer1622,123456
customer1623,123456
customer1624,123456
customer1625,123456
customer1626,123456
customer1627,123456
customer1628,123456
customer1629,123456
customer1630,123456
customer1631,123456
customer1632,123456
customer1633,123456
customer1634,123456
customer1635,123456
customer1636,123456
customer1637,123456
customer1638,123456
customer1639,123456
customer1640,123456
customer1641,123456
customer1642,123456
customer1643,123456
customer1644,123456
customer1645,123456
customer1646,123456
customer1647,123456
customer1648,123456
customer1649,123456
customer1650,123456
customer1651,123456
customer1652,123456
customer1653,123456
customer1654,123456
customer1655,123456
customer1656,123456
customer1657,123456
customer1658,123456
customer1659,123456
customer1660,123456
customer1661,123456
customer1662,123456
customer1663,123456
customer1664,123456
customer1665,123456
customer1666,123456
customer1667,123456
customer1668,123456
customer1669,123456
customer1670,123456
customer1671,123456
customer1672,123456
customer1673,123456
customer1674,123456
customer1675,123456
customer1676,123456
customer1677,123456
customer1678,123456
customer1679,123456
customer1680,123456
customer1681,123456
customer1682,123456
customer1683,123456
customer1684,123456
customer1685,123456
customer1686,123456
customer1687,123456
customer1688,123456
customer1689,123456
customer1690,123456
customer1691,123456
customer1692,123456
customer1693,123456
customer1694,123456
customer1695,123456
customer1696,123456
customer1697,123456
customer1698,123456
customer1699,123456
customer1700,123456
customer1701,123456
customer1702,123456
customer1703,123456
customer1704,123456
customer1705,123456
customer1706,123456
customer1707,123456
customer1708,123456
customer1709,123456
customer1710,123456
customer1711,123456
customer1712,123456
customer1713,123456
customer1714,123456
customer1715,123456
customer1716,123456
customer1717,123456
customer1718,123456
customer1719,123456
customer1720,123456
customer1721,123456
customer1722,123456
customer1723,123456
customer1724,123456
customer1725,123456
customer1726,123456
customer1727,123456
customer1728,123456
customer1729,123456
customer1730,123456
customer1731,123456
customer1732,123456
customer1733,123456
customer1734,123456
customer1735,123456
customer1736,123456
customer1737,123456
customer1738,123456
customer1739,123456
customer1740,123456
customer1741,123456
customer1742,123456
customer1743,123456
customer1744,123456
customer1745,123456
customer1746,123456
customer1747,123456
customer1748,123456
customer1749,123456
customer1750,123456
customer1751,123456
customer1752,123456
customer1753,123456
customer1754,123456
customer1755,123456
customer1756,123456
customer1757,123456
customer1758,123456
customer1759,123456
customer1760,123456
customer1761,123456
customer1762,123456
customer1763,123456
customer1764,123456
customer1765,123456
customer1766,123456
customer1767,123456
customer1768,123456
customer1769,123456
customer1770,123456
customer1771,123456
customer1772,123456
customer1773,123456
customer1774,123456
customer1775,123456
customer1776,123456
customer1777,123456
customer1778,123456
customer1779,123456
customer1780,123456
customer1781,123456
customer1782,123456
customer1783,123456
customer1784,123456
customer1785,123456
customer1786,123456
customer1787,123456
customer1788,123456
customer1789,123456
customer1790,123456
customer1791,123456
customer1792,123456
customer1793,123456
customer1794,123456
customer1795,123456
customer1796,123456
customer1797,123456
customer1798,123456
customer1799,123456
customer1800,123456
customer1801,123456
customer1802,123456
customer1803,123456
customer1804,123456
customer1805,123456
customer1806,123456
customer1807,123456
customer1808,123456
customer1809,123456
customer1810,123456
customer1811,123456
customer1812,123456
customer1813,123456
customer1814,123456
customer1815,123456
customer1816,123456
customer1817,123456
customer1818,123456
customer1819,123456
customer1820,123456
customer1821,123456
customer1822,123456
customer1823,123456
customer1824,123456
customer1825,123456
customer1826,123456
customer1827,123456
customer1828,123456
customer1829,123456
customer1830,123456
customer1831,123456
customer1832,123456
customer1833,123456
customer1834,123456
customer1835,123456
customer1836,123456
customer1837,123456
customer1838,123456
customer1839,123456
customer1840,123456
customer1841,123456
customer1842,123456
customer1843,123456
customer1844,123456
customer1845,123456
customer1846,123456
customer1847,123456
customer1848,123456
customer1849,123456
customer1850,123456
customer1851,123456
customer1852,123456
customer1853,123456
customer1854,123456
customer1855,123456
customer1856,123456
customer1857,123456
customer1858,123456
customer1859,123456
customer1860,123456
customer1861,123456
customer1862,123456
customer1863,123456
customer1864,123456
customer1865,123456
customer1866,123456
customer1867,123456
customer1868,123456
customer1869,123456
customer1870,123456
customer1871,123456
customer1872,123456
customer1873,123456
customer1874,123456
customer1875,123456
customer1876,123456
customer1877,123456
customer1878,123456
customer1879,123456
customer1880,123456
customer1881,123456
customer1882,123456
customer1883,123456
customer1884,123456
customer1885,123456
customer1886,123456
customer1887,123456
customer1888,123456
customer1889,123456
customer1890,123456
customer1891,123456
customer1892,123456
customer1893,123456
customer1894,123456
customer1895,123456
customer1896,123456
customer1897,123456
customer1898,123456
customer1899,123456
customer1900,123456
customer1901,123456
customer1902,123456
customer1903,123456
customer1904,123456
customer1905,123456
customer1906,123456
customer1907,123456
customer1908,123456
customer1909,123456
customer1910,123456
customer1911,123456
customer1912,123456
customer1913,123456
customer1914,123456
customer1915,123456
customer1916,123456
customer1917,123456
customer1918,123456
customer1919,123456
customer1920,123456
customer1921,123456
customer1922,123456
customer1923,123456
customer1924,123456
customer1925,123456
customer1926,123456
customer1927,123456
customer1928,123456
customer1929,123456
customer1930,123456
customer1931,123456
customer1932,123456
customer1933,123456
customer1934,123456
customer1935,123456
customer1936,123456
customer1937,123456
customer1938,123456
customer1939,123456
customer1940,123456
customer1941,123456
customer1942,123456
customer1943,123456
customer1944,123456
customer1945,123456
customer1946,123456
customer1947,123456
customer1948,123456
customer1949,123456
customer1950,123456
customer1951,123456
customer1952,123456
customer1953,123456
customer1954,123456
customer1955,123456
customer1956,123456
customer1957,123456
customer1958,123456
customer1959,123456
customer1960,123456
customer1961,123456
customer1962,123456
customer1963,123456
customer1964,123456
customer1965,123456
customer1966,123456
customer1967,123456
customer1968,123456
customer1969,123456
customer1970,123456
customer1971,123456
customer1972,123456
customer1973,123456
customer1974,123456
customer1975,123456
customer1976,123456
customer1977,123456
customer1978,123456
customer1979,123456
customer1980,123456
customer1981,123456
customer1982,123456
customer1983,123456
customer1984,123456
customer1985,123456
customer1986,123456
customer1987,123456
customer1988,123456
customer1989,123456
customer1990,123456
customer1991,123456
customer1992,123456
customer1993,123456
customer1994,123456
customer1995,123456
customer1996,123456
customer1997,123456
customer1998,123456
customer1999,123456
customer2000,123456
customer2001,123456
customer2002,123456
customer2003,123456
customer2004,123456
customer2005,123456
customer2006,123456
customer2007,123456
customer2008,123456
customer2009,123456
customer2010,123456
customer2011,123456
customer2012,123456
customer2013,123456
customer2014,123456
customer2015,123456
customer2016,123456
customer2017,123456
customer2018,123456
customer2019,123456
customer2020,123456
customer2021,123456
customer2022,123456
customer2023,123456
customer2024,123456
customer2025,123456
customer2026,123456
customer2027,123456
customer2028,123456
customer2029,123456
customer2030,123456
customer2031,123456
customer2032,123456
customer2033,123456
customer2034,123456
customer2035,123456
customer2036,123456
customer2037,123456
customer2038,123456
customer2039,123456
customer2040,123456
customer2041,123456
customer2042,123456
customer2043,123456
customer2044,123456
customer2045,123456
customer2046,123456
customer2047,123456
customer2048,123456
customer2049,123456
customer2050,123456
customer2051,123456
customer2052,123456
customer2053,123456
customer2054,123456
customer2055,123456
customer2056,123456
customer2057,123456
customer2058,123456
customer2059,123456
customer2060,123456
customer2061,123456
customer2062,123456
customer2063,123456
customer2064,123456
customer2065,123456
customer2066,123456
customer2067,123456
customer2068,123456
customer2069,123456
customer2070,123456
customer2071,123456
customer2072,123456
customer2073,123456
customer2074,123456
customer2075,123456
customer2076,123456
customer2077,123456
customer2078,123456
customer2079,123456
customer2080,123456
customer2081,123456
customer2082,123456
customer2083,123456
customer2084,123456
customer2085,123456
customer2086,123456
customer2087,123456
customer2088,123456
customer2089,123456
customer2090,123456
customer2091,123456
customer2092,123456
customer2093,123456
customer2094,123456
customer2095,123456
customer2096,123456
customer2097,123456
customer2098,123456
customer2099,123456
customer2100,123456
customer2101,123456
customer2102,123456
customer2103,123456
customer2104,123456
customer2105,123456
customer2106,123456
customer2107,123456
customer2108,123456
customer2109,123456
customer2110,123456
customer2111,123456
customer2112,123456
customer2113,123456
customer2114,123456
customer2115,123456
customer2116,123456
customer2117,123456
customer2118,123456
customer2119,123456
customer2120,123456
customer2121,123456
customer2122,123456
customer2123,123456
customer2124,123456
customer2125,123456
customer2126,123456
customer2127,123456
customer2128,123456
customer2129,123456
customer2130,123456
customer2131,123456
customer2132,123456
customer2133,123456
customer2134,123456
customer2135,123456
customer2136,123456
customer2137,123456
customer2138,123456
customer2139,123456
customer2140,123456
customer2141,123456
customer2142,123456
customer2143,123456
customer2144,123456
customer2145,123456
customer2146,123456
customer2147,123456
customer2148,123456
customer2149,123456
customer2150,123456
customer2151,123456
customer2152,123456
customer2153,123456
customer2154,123456
customer2155,123456
customer2156,123456
customer2157,123456
customer2158,123456
customer2159,123456
customer2160,123456
customer2161,123456
customer2162,123456
customer2163,123456
customer2164,123456
customer2165,123456
customer2166,123456
customer2167,123456
customer2168,123456
customer2169,123456
customer2170,123456
customer2171,123456
customer2172,123456
customer2173,123456
customer2174,123456
customer2175,123456
customer2176,123456
customer2177,123456
customer2178,123456
customer2179,123456
customer2180,123456
customer2181,123456
customer2182,123456
customer2183,123456
customer2184,123456
customer2185,123456
customer2186,123456
customer2187,123456
customer2188,123456
customer2189,123456
customer2190,123456
customer2191,123456
customer2192,123456
customer2193,123456
customer2194,123456
customer2195,123456
customer2196,123456
customer2197,123456
customer2198,123456
customer2199,123456
customer2200,123456
customer2201,123456
customer2202,123456
customer2203,123456
customer2204,123456
customer2205,123456
customer2206,123456
customer2207,123456
customer2208,123456
customer2209,123456
customer2210,123456
customer2211,123456
customer2212,123456
customer2213,123456
customer2214,123456
customer2215,123456
customer2216,123456
customer2217,123456
customer2218,123456
customer2219,123456
customer2220,123456
customer2221,123456
customer2222,123456
customer2223,123456
customer2224,123456
customer2225,123456
customer2226,123456
customer2227,123456
customer2228,123456
customer2229,123456
customer2230,123456
customer2231,123456
customer2232,123456
customer2233,123456
customer2234,123456
customer2235,123456
customer2236,123456
customer2237,123456
customer2238,123456
customer2239,123456
customer2240,123456
customer2241,123456
customer2242,123456
customer2243,123456
customer2244,123456
customer2245,123456
customer2246,123456
customer2247,123456
customer2248,123456
customer2249,123456
customer2250,123456
customer2251,123456
customer2252,123456
customer2253,123456
customer2254,123456
customer2255,123456
customer2256,123456
customer2257,123456
customer2258,123456
customer2259,123456
customer2260,123456
customer2261,123456
customer2262,123456
customer2263,123456
customer2264,123456
customer2265,123456
customer2266,123456
customer2267,123456
customer2268,123456
customer2269,123456
customer2270,123456
customer2271,123456
customer2272,123456
customer2273,123456
customer2274,123456
customer2275,123456
customer2276,123456
customer2277,123456
customer2278,123456
customer2279,123456
customer2280,123456
customer2281,123456
customer2282,123456
customer2283,123456
customer2284,123456
customer2285,123456
customer2286,123456
customer2287,123456
customer2288,123456
customer2289,123456
customer2290,123456
customer2291,123456
customer2292,123456
customer2293,123456
customer2294,123456
customer2295,123456
customer2296,123456
customer2297,123456
customer2298,123456
customer2299,123456
customer2300,123456
customer2301,123456
customer2302,123456
customer2303,123456
customer2304,123456
customer2305,123456
customer2306,123456
customer2307,123456
customer2308,123456
customer2309,123456
customer2310,123456
customer2311,123456
customer2312,123456
customer2313,123456
customer2314,123456
customer2315,123456
customer2316,123456
customer2317,123456
customer2318,123456
customer2319,123456
customer2320,123456
customer2321,123456
customer2322,123456
customer2323,123456
customer2324,123456
customer2325,123456
customer2326,123456
customer2327,123456
customer2328,123456
customer2329,123456
customer2330,123456
customer2331,123456
customer2332,123456
customer2333,123456
customer2334,123456
customer2335,123456
customer2336,123456
customer2337,123456
customer2338,123456
customer2339,123456
customer2340,123456
customer2341,123456
customer2342,123456
customer2343,123456
customer2344,123456
customer2345,123456
customer2346,123456
customer2347,123456
customer2348,123456
customer2349,123456
customer2350,123456
customer2351,123456
customer2352,123456
customer2353,123456
customer2354,123456
customer2355,123456
customer2356,123456
customer2357,123456
customer2358,123456
customer2359,123456
customer2360,123456
customer2361,123456
customer2362,123456
customer2363,123456
customer2364,123456
customer2365,123456
customer2366,123456
customer2367,123456
customer2368,123456
customer2369,123456
customer2370,123456
customer2371,123456
customer2372,123456
customer2373,123456
customer2374,123456
customer2375,123456
customer2376,123456
customer2377,123456
customer2378,123456
customer2379,123456
customer2380,123456
customer2381,123456
customer2382,123456
customer2383,123456
customer2384,123456
customer2385,123456
customer2386,123456
customer2387,123456
customer2388,123456
customer2389,123456
customer2390,123456
customer2391,123456
customer2392,123456
customer2393,123456
customer2394,123456
customer2395,123456
customer2396,123456
customer2397,123456
customer2398,123456
customer2399,123456
customer2400,123456
customer2401,123456
customer2402,123456
customer2403,123456
customer2404,123456
customer2405,123456
customer2406,123456
customer2407,123456
customer2408,123456
customer2409,123456
customer2410,123456
customer2411,123456
customer2412,123456
customer2413,123456
customer2414,123456
customer2415,123456
customer2416,123456
customer2417,123456
customer2418,123456
customer2419,123456
customer2420,123456
customer2421,123456
customer2422,123456
customer2423,123456
customer2424,123456
customer2425,123456
customer2426,123456
customer2427,123456
customer2428,123456
customer2429,123456
customer2430,123456
customer2431,123456
customer2432,123456
customer2433,123456
customer2434,123456
customer2435,123456
customer2436,123456
customer2437,123456
customer2438,123456
customer2439,123456
customer2440,123456
customer2441,123456
customer2442,123456
customer2443,123456
customer2444,123456
customer2445,123456
customer2446,123456
customer2447,123456
customer2448,123456
customer2449,123456
customer2450,123456
customer2451,123456
customer2452,123456
customer2453,123456
customer2454,123456
customer2455,123456
customer2456,123456
customer2457,123456
customer2458,123456
customer2459,123456
customer2460,123456
customer2461,123456
customer2462,123456
customer2463,123456
customer2464,123456
customer2465,123456
customer2466,123456
customer2467,123456
customer2468,123456
customer2469,123456
customer2470,123456
customer2471,123456
customer2472,123456
customer2473,123456
customer2474,123456
customer2475,123456
customer2476,123456
customer2477,123456
customer2478,123456
customer2479,123456
customer2480,123456
customer2481,123456
customer2482,123456
customer2483,123456
customer2484,123456
customer2485,123456
customer2486,123456
customer2487,123456
customer2488,123456
customer2489,123456
customer2490,123456
customer2491,123456
customer2492,123456
customer2493,123456
customer2494,123456
customer2495,123456
customer2496,123456
customer2497,123456
customer2498,123456
customer2499,123456
customer2500,123456
customer2501,123456
customer2502,123456
customer2503,123456
customer2504,123456
customer2505,123456
customer2506,123456
customer2507,123456
customer2508,123456
customer2509,123456
customer2510,123456
customer2511,123456
customer2512,123456
customer2513,123456
customer2514,123456
customer2515,123456
customer2516,123456
customer2517,123456
customer2518,123456
customer2519,123456
customer2520,123456
customer2521,123456
customer2522,123456
customer2523,123456
customer2524,123456
customer2525,123456
customer2526,123456
customer2527,123456
customer2528,123456
customer2529,123456
customer2530,123456
customer2531,123456
customer2532,123456
customer2533,123456
customer2534,123456
customer2535,123456
customer2536,123456
customer2537,123456
customer2538,123456
customer2539,123456
customer2540,123456
customer2541,123456
customer2542,123456
customer2543,123456
customer2544,123456
customer2545,123456
customer2546,123456
customer2547,123456
customer2548,123456
customer2549,123456
customer2550,123456
customer2551,123456
customer2552,123456
customer2553,123456
customer2554,123456
customer2555,123456
customer2556,123456
customer2557,123456
customer2558,123456
customer2559,123456
customer2560,123456
customer2561,123456
customer2562,123456
customer2563,123456
customer2564,123456
customer2565,123456
customer2566,123456
customer2567,123456
customer2568,123456
customer2569,123456
customer2570,123456
customer2571,123456
customer2572,123456
customer2573,123456
customer2574,123456
customer2575,123456
customer2576,123456
customer2577,123456
customer2578,123456
customer2579,123456
customer2580,123456
customer2581,123456
customer2582,123456
customer2583,123456
customer2584,123456
customer2585,123456
customer2586,123456
customer2587,123456
customer2588,123456
customer2589,123456
customer2590,123456
customer2591,123456
customer2592,123456
customer2593,123456
customer2594,123456
customer2595,123456
customer2596,123456
customer2597,123456
customer2598,123456
customer2599,123456
customer2600,123456
customer2601,123456
customer2602,123456
customer2603,123456
customer2604,123456
customer2605,123456
customer2606,123456
customer2607,123456
customer2608,123456
customer2609,123456
customer2610,123456
customer2611,123456
customer2612,123456
customer2613,123456
customer2614,123456
customer2615,123456
customer2616,123456
customer2617,123456
customer2618,123456
customer2619,123456
customer2620,123456
customer2621,123456
customer2622,123456
customer2623,123456
customer2624,123456
customer2625,123456
customer2626,123456
customer2627,123456
customer2628,123456
customer2629,123456
customer2630,123456
customer2631,123456
customer2632,123456
customer2633,123456
customer2634,123456
customer2635,123456
customer2636,123456
customer2637,123456
customer2638,123456
customer2639,123456
customer2640,123456
customer2641,123456
customer2642,123456
customer2643,123456
customer2644,123456
customer2645,123456
customer2646,123456
customer2647,123456
customer2648,123456
customer2649,123456
customer2650,123456
customer2651,123456
customer2652,123456
customer2653,123456
customer2654,123456
customer2655,123456
customer2656,123456
customer2657,123456
customer2658,123456
customer2659,123456
customer2660,123456
customer2661,123456
customer2662,123456
customer2663,123456
customer2664,123456
customer2665,123456
customer2666,123456
customer2667,123456
customer2668,123456
customer2669,123456
customer2670,123456
customer2671,123456
customer2672,123456
customer2673,123456
customer2674,123456
customer2675,123456
customer2676,123456
customer2677,123456
customer2678,123456
customer2679,123456
customer2680,123456
customer2681,123456
customer2682,123456
customer2683,123456
customer2684,123456
customer2685,123456
customer2686,123456
customer2687,123456
customer2688,123456
customer2689,123456
customer2690,123456
customer2691,123456
customer2692,123456
customer2693,123456
customer2694,123456
customer2695,123456
customer2696,123456
customer2697,123456
customer2698,123456
customer2699,123456
customer2700,123456
customer2701,123456
customer2702,123456
customer2703,123456
customer2704,123456
customer2705,123456
customer2706,123456
customer2707,123456
customer2708,123456
customer2709,123456
customer2710,123456
customer2711,123456
customer2712,123456
customer2713,123456
customer2714,123456
customer2715,123456
customer2716,123456
customer2717,123456
customer2718,123456
customer2719,123456
customer2720,123456
customer2721,123456
customer2722,123456
customer2723,123456
customer2724,123456
customer2725,123456
customer2726,123456
customer2727,123456
customer2728,123456
customer2729,123456
customer2730,123456
customer2731,123456
customer2732,123456
customer2733,123456
customer2734,123456
customer2735,123456
customer2736,123456
customer2737,123456
customer2738,123456
customer2739,123456
customer2740,123456
customer2741,123456
customer2742,123456
customer2743,123456
customer2744,123456
customer2745,123456
customer2746,123456
customer2747,123456
customer2748,123456
customer2749,123456
customer2750,123456
customer2751,123456
customer2752,123456
customer2753,123456
customer2754,123456
customer2755,123456
customer2756,123456
customer2757,123456
customer2758,123456
customer2759,123456
customer2760,123456
customer2761,123456
customer2762,123456
customer2763,123456
customer2764,123456
customer2765,123456
customer2766,123456
customer2767,123456
customer2768,123456
customer2769,123456
customer2770,123456
customer2771,123456
customer2772,123456
customer2773,123456
customer2774,123456
customer2775,123456
customer2776,123456
customer2777,123456
customer2778,123456
customer2779,123456
customer2780,123456
customer2781,123456
customer2782,123456
customer2783,123456
customer2784,123456
customer2785,123456
customer2786,123456
customer2787,123456
customer2788,123456
customer2789,123456
customer2790,123456
customer2791,123456
customer2792,123456
customer2793,123456
customer2794,123456
customer2795,123456
customer2796,123456
customer2797,123456
customer2798,123456
customer2799,123456
customer2800,123456
customer2801,123456
customer2802,123456
customer2803,123456
customer2804,123456
customer2805,123456
customer2806,123456
customer2807,123456
customer2808,123456
customer2809,123456
customer2810,123456
customer2811,123456
customer2812,123456
customer2813,123456
customer2814,123456
customer2815,123456
customer2816,123456
customer2817,123456
customer2818,123456
customer2819,123456
customer2820,123456
customer2821,123456
customer2822,123456
customer2823,123456
customer2824,123456
customer2825,123456
customer2826,123456
customer2827,123456
customer2828,123456
customer2829,123456
customer2830,123456
customer2831,123456
customer2832,123456
customer2833,123456
customer2834,123456
customer2835,123456
customer2836,123456
customer2837,123456
customer2838,123456
customer2839,123456
customer2840,123456
customer2841,123456
customer2842,123456
customer2843,123456
customer2844,123456
customer2845,123456
customer2846,123456
customer2847,123456
customer2848,123456
customer2849,123456
customer2850,123456
customer2851,123456
customer2852,123456
customer2853,123456
customer2854,123456
customer2855,123456
customer2856,123456
customer2857,123456
customer2858,123456
customer2859,123456
customer2860,123456
customer2861,123456
customer2862,123456
customer2863,123456
customer2864,123456
customer2865,123456
customer2866,123456
customer2867,123456
customer2868,123456
customer2869,123456
customer2870,123456
customer2871,123456
customer2872,123456
customer2873,123456
customer2874,123456
customer2875,123456
customer2876,123456
customer2877,123456
customer2878,123456
customer2879,123456
customer2880,123456
customer2881,123456
customer2882,123456
customer2883,123456
customer2884,123456
customer2885,123456
customer2886,123456
customer2887,123456
customer2888,123456
customer2889,123456
customer2890,123456
customer2891,123456
customer2892,123456
customer2893,123456
customer2894,123456
customer2895,123456
customer2896,123456
customer2897,123456
customer2898,123456
customer2899,123456
customer2900,123456
customer2901,123456
customer2902,123456
customer2903,123456
customer2904,123456
customer2905,123456
customer2906,123456
customer2907,123456
customer2908,123456
customer2909,123456
customer2910,123456
customer2911,123456
customer2912,123456
customer2913,123456
customer2914,123456
customer2915,123456
customer2916,123456
customer2917,123456
customer2918,123456
customer2919,123456
customer2920,123456
customer2921,123456
customer2922,123456
customer2923,123456
customer2924,123456
customer2925,123456
customer2926,123456
customer2927,123456
customer2928,123456
customer2929,123456
customer2930,123456
customer2931,123456
customer2932,123456
customer2933,123456
customer2934,123456
customer2935,123456
customer2936,123456
customer2937,123456
customer2938,123456
customer2939,123456
customer2940,123456
customer2941,123456
customer2942,123456
customer2943,123456
customer2944,123456
customer2945,123456
customer2946,123456
customer2947,123456
customer2948,123456
customer2949,123456
customer2950,123456
customer2951,123456
customer2952,123456
customer2953,123456
customer2954,123456
customer2955,123456
customer2956,123456
customer2957,123456
customer2958,123456
customer2959,123456
customer2960,123456
customer2961,123456
customer2962,123456
customer2963,123456
customer2964,123456
customer2965,123456
customer2966,123456
customer2967,123456
customer2968,123456
customer2969,123456
customer2970,123456
customer2971,123456
customer2972,123456
customer2973,123456
customer2974,123456
customer2975,123456
customer2976,123456
customer2977,123456
customer2978,123456
customer2979,123456
customer2980,123456
customer2981,123456
customer2982,123456
customer2983,123456
customer2984,123456
customer2985,123456
customer2986,123456
customer2987,123456
customer2988,123456
customer2989,123456
customer2990,123456
customer2991,123456
customer2992,123456
customer2993,123456
customer2994,123456
customer2995,123456
customer2996,123456
customer2997,123456
customer2998,123456
customer2999,123456
customer3000,123456
customer3001,123456
customer3002,123456
customer3003,123456
customer3004,123456
customer3005,123456
customer3006,123456
customer3007,123456
customer3008,123456
customer3009,123456
customer3010,123456
customer3011,123456
customer3012,123456
customer3013,123456
customer3014,123456
customer3015,123456
customer3016,123456
customer3017,123456
customer3018,123456
customer3019,123456
customer3020,123456
customer3021,123456
customer3022,123456
customer3023,123456
customer3024,123456
customer3025,123456
customer3026,123456
customer3027,123456
customer3028,123456
customer3029,123456
customer3030,123456
customer3031,123456
customer3032,123456
customer3033,123456
customer3034,123456
customer3035,123456
customer3036,123456
customer3037,123456
customer3038,123456
customer3039,123456
customer3040,123456
customer3041,123456
customer3042,123456
customer3043,123456
customer3044,123456
customer3045,123456
customer3046,123456
customer3047,123456
customer3048,123456
customer3049,123456
customer3050,123456
customer3051,123456
customer3052,123456
customer3053,123456
customer3054,123456
customer3055,123456
customer3056,123456
customer3057,123456
customer3058,123456
customer3059,123456
customer3060,123456
customer3061,123456
customer3062,123456
customer3063,123456
customer3064,123456
customer3065,123456
customer3066,123456
customer3067,123456
customer3068,123456
customer3069,123456
customer3070,123456
customer3071,123456
customer3072,123456
customer3073,123456
customer3074,123456
customer3075,123456
customer3076,123456
customer3077,123456
customer3078,123456
customer3079,123456
customer3080,123456
customer3081,123456
customer3082,123456
customer3083,123456
customer3084,123456
customer3085,123456
customer3086,123456
customer3087,123456
customer3088,123456
customer3089,123456
customer3090,123456
customer3091,123456
customer3092,123456
customer3093,123456
customer3094,123456
customer3095,123456
customer3096,123456
customer3097,123456
customer3098,123456
customer3099,123456
customer3100,123456
customer3101,123456
customer3102,123456
customer3103,123456
customer3104,123456
customer3105,123456
customer3106,123456
customer3107,123456
customer3108,123456
customer3109,123456
customer3110,123456
customer3111,123456
customer3112,123456
customer3113,123456
customer3114,123456
customer3115,123456
customer3116,123456
customer3117,123456
customer3118,123456
customer3119,123456
customer3120,123456
customer3121,123456
customer3122,123456
customer3123,123456
customer3124,123456
customer3125,123456
customer3126,123456
customer3127,123456
customer3128,123456
customer3129,123456
customer3130,123456
customer3131,123456
customer3132,123456
customer3133,123456
customer3134,123456
customer3135,123456
customer3136,123456
customer3137,123456
customer3138,123456
customer3139,123456
customer3140,123456
customer3141,123456
customer3142,123456
customer3143,123456
customer3144,123456
customer3145,123456
customer3146,123456
customer3147,123456
customer3148,123456
customer3149,123456
customer3150,123456
customer3151,123456
customer3152,123456
customer3153,123456
customer3154,123456
customer3155,123456
customer3156,123456
customer3157,123456
customer3158,123456
customer3159,123456
customer3160,123456
customer3161,123456
customer3162,123456
customer3163,123456
customer3164,123456
customer3165,123456
customer3166,123456
customer3167,123456
customer3168,123456
customer3169,123456
customer3170,123456
customer3171,123456
customer3172,123456
customer3173,123456
customer3174,123456
customer3175,123456
customer3176,123456
customer3177,123456
customer3178,123456
customer3179,123456
customer3180,123456
customer3181,123456
customer3182,123456
customer3183,123456
customer3184,123456
customer3185,123456
customer3186,123456
customer3187,123456
customer3188,123456
customer3189,123456
customer3190,123456
customer3191,123456
customer3192,123456
customer3193,123456
customer3194,123456
customer3195,123456
customer3196,123456
customer3197,123456
customer3198,123456
customer3199,123456
customer3200,123456
customer3201,123456
customer3202,123456
customer3203,123456
customer3204,123456
customer3205,123456
customer3206,123456
customer3207,123456
customer3208,123456
customer3209,123456
customer3210,123456
customer3211,123456
customer3212,123456
customer3213,123456
customer3214,123456
customer3215,123456
customer3216,123456
customer3217,123456
customer3218,123456
customer3219,123456
customer3220,123456
customer3221,123456
customer3222,123456
customer3223,123456
customer3224,123456
customer3225,123456
customer3226,123456
customer3227,123456
customer3228,123456
customer3229,123456
customer3230,123456
customer3231,123456
customer3232,123456
customer3233,123456
customer3234,123456
customer3235,123456
customer3236,123456
customer3237,123456
customer3238,123456
customer3239,123456
customer3240,123456
customer3241,123456
customer3242,123456
customer3243,123456
customer3244,123456
customer3245,123456
customer3246,123456
customer3247,123456
customer3248,123456
customer3249,123456
customer3250,123456
customer3251,123456
customer3252,123456
customer3253,123456
customer3254,123456
customer3255,123456
customer3256,123456
customer3257,123456
customer3258,123456
customer3259,123456
customer3260,123456
customer3261,123456
customer3262,123456
customer3263,123456
customer3264,123456
customer3265,123456
customer3266,123456
customer3267,123456
customer3268,123456
customer3269,123456
customer3270,123456
customer3271,123456
customer3272,123456
customer3273,123456
customer3274,123456
customer3275,123456
customer3276,123456
customer3277,123456
customer3278,123456
customer3279,123456
customer3280,123456
customer3281,123456
customer3282,123456
customer3283,123456
customer3284,123456
customer3285,123456
customer3286,123456
customer3287,123456
customer3288,123456
customer3289,123456
customer3290,123456
customer3291,123456
customer3292,123456
customer3293,123456
customer3294,123456
customer3295,123456
customer3296,123456
customer3297,123456
customer3298,123456
customer3299,123456
customer3300,123456
customer3301,123456
customer3302,123456
customer3303,123456
customer3304,123456
customer3305,123456
customer3306,123456
customer3307,123456
customer3308,123456
customer3309,123456
customer3310,123456
customer3311,123456
customer3312,123456
customer3313,123456
customer3314,123456
customer3315,123456
customer3316,123456
customer3317,123456
customer3318,123456
customer3319,123456
customer3320,123456
customer3321,123456
customer3322,123456
customer3323,123456
customer3324,123456
customer3325,123456
customer3326,123456
customer3327,123456
customer3328,123456
customer3329,123456
customer3330,123456
customer3331,123456
customer3332,123456
customer3333,123456
customer3334,123456
customer3335,123456
customer3336,123456
customer3337,123456
customer3338,123456
customer3339,123456
customer3340,123456
customer3341,123456
customer3342,123456
customer3343,123456
customer3344,123456
customer3345,123456
customer3346,123456
customer3347,123456
customer3348,123456
customer3349,123456
customer3350,123456
customer3351,123456
customer3352,123456
customer3353,123456
customer3354,123456
customer3355,123456
customer3356,123456
customer3357,123456
customer3358,123456
customer3359,123456
customer3360,123456
customer3361,123456
customer3362,123456
customer3363,123456
customer3364,123456
customer3365,123456
customer3366,123456
customer3367,123456
customer3368,123456
customer3369,123456
customer3370,123456
customer3371,123456
customer3372,123456
customer3373,123456
customer3374,123456
customer3375,123456
customer3376,123456
customer3377,123456
customer3378,123456
customer3379,123456
customer3380,123456
customer3381,123456
customer3382,123456
customer3383,123456
customer3384,123456
customer3385,123456
customer3386,123456
customer3387,123456
customer3388,123456
customer3389,123456
customer3390,123456
customer3391,123456
customer3392,123456
customer3393,123456
customer3394,123456
customer3395,123456
customer3396,123456
customer3397,123456
customer3398,123456
customer3399,123456
customer3400,123456
customer3401,123456
customer3402,123456
customer3403,123456
customer3404,123456
customer3405,123456
customer3406,123456
customer3407,123456
customer3408,123456
customer3409,123456
customer3410,123456
customer3411,123456
customer3412,123456
customer3413,123456
customer3414,123456
customer3415,123456
customer3416,123456
customer3417,123456
customer3418,123456
customer3419,123456
customer3420,123456
customer3421,123456
customer3422,123456
customer3423,123456
customer3424,123456
customer3425,123456
customer3426,123456
customer3427,123456
customer3428,123456
customer3429,123456
customer3430,123456
customer3431,123456
customer3432,123456
customer3433,123456
customer3434,123456
customer3435,123456
customer3436,123456
customer3437,123456
customer3438,123456
customer3439,123456
customer3440,123456
customer3441,123456
customer3442,123456
customer3443,123456
customer3444,123456
customer3445,123456
customer3446,123456
customer3447,123456
customer3448,123456
customer3449,123456
customer3450,123456
customer3451,123456
customer3452,123456
customer3453,123456
customer3454,123456
customer3455,123456
customer3456,123456
customer3457,123456
customer3458,123456
customer3459,123456
customer3460,123456
customer3461,123456
customer3462,123456
customer3463,123456
customer3464,123456
customer3465,123456
customer3466,123456
customer3467,123456
customer3468,123456
customer3469,123456
customer3470,123456
customer3471,123456
customer3472,123456
customer3473,123456
customer3474,123456
customer3475,123456
customer3476,123456
customer3477,123456
customer3478,123456
customer3479,123456
customer3480,123456
customer3481,123456
customer3482,123456
customer3483,123456
customer3484,123456
customer3485,123456
customer3486,123456
customer3487,123456
customer3488,123456
customer3489,123456
customer3490,123456
customer3491,123456
customer3492,123456
customer3493,123456
customer3494,123456
customer3495,123456
customer3496,123456
customer3497,123456
customer3498,123456
customer3499,123456
customer3500,123456
customer3501,123456
customer3502,123456
customer3503,123456
customer3504,123456
customer3505,123456
customer3506,123456
customer3507,123456
customer3508,123456
customer3509,123456
customer3510,123456
customer3511,123456
customer3512,123456
customer3513,123456
customer3514,123456
customer3515,123456
customer3516,123456
customer3517,123456
customer3518,123456
customer3519,123456
customer3520,123456
customer3521,123456
customer3522,123456
customer3523,123456
customer3524,123456
customer3525,123456
customer3526,123456
customer3527,123456
customer3528,123456
customer3529,123456
customer3530,123456
customer3531,123456
customer3532,123456
customer3533,123456
customer3534,123456
customer3535,123456
customer3536,123456
customer3537,123456
customer3538,123456
customer3539,123456
customer3540,123456
customer3541,123456
customer3542,123456
customer3543,123456
customer3544,123456
customer3545,123456
customer3546,123456
customer3547,123456
customer3548,123456
customer3549,123456
customer3550,123456
customer3551,123456
customer3552,123456
customer3553,123456
customer3554,123456
customer3555,123456
customer3556,123456
customer3557,123456
customer3558,123456
customer3559,123456
customer3560,123456
customer3561,123456
customer3562,123456
customer3563,123456
customer3564,123456
customer3565,123456
customer3566,123456
customer3567,123456
customer3568,123456
customer3569,123456
customer3570,123456
customer3571,123456
customer3572,123456
customer3573,123456
customer3574,123456
customer3575,123456
customer3576,123456
customer3577,123456
customer3578,123456
customer3579,123456
customer3580,123456
customer3581,123456
customer3582,123456
customer3583,123456
customer3584,123456
customer3585,123456
customer3586,123456
customer3587,123456
customer3588,123456
customer3589,123456
customer3590,123456
customer3591,123456
customer3592,123456
customer3593,123456
customer3594,123456
customer3595,123456
customer3596,123456
customer3597,123456
customer3598,123456
customer3599,123456
customer3600,123456
customer3601,123456
customer3602,123456
customer3603,123456
customer3604,123456
customer3605,123456
customer3606,123456
customer3607,123456
customer3608,123456
customer3609,123456
customer3610,123456
customer3611,123456
customer3612,123456
customer3613,123456
customer3614,123456
customer3615,123456
customer3616,123456
customer3617,123456
customer3618,123456
customer3619,123456
customer3620,123456
customer3621,123456
customer3622,123456
customer3623,123456
customer3624,123456
customer3625,123456
customer3626,123456
customer3627,123456
customer3628,123456
customer3629,123456
customer3630,123456
customer3631,123456
customer3632,123456
customer3633,123456
customer3634,123456
customer3635,123456
customer3636,123456
customer3637,123456
customer3638,123456
customer3639,123456
customer3640,123456
customer3641,123456
customer3642,123456
customer3643,123456
customer3644,123456
customer3645,123456
customer3646,123456
customer3647,123456
customer3648,123456
customer3649,123456
customer3650,123456
customer3651,123456
customer3652,123456
customer3653,123456
customer3654,123456
customer3655,123456
customer3656,123456
customer3657,123456
customer3658,123456
customer3659,123456
customer3660,123456
customer3661,123456
customer3662,123456
customer3663,123456
customer3664,123456
customer3665,123456
customer3666,123456
customer3667,123456
customer3668,123456
customer3669,123456
customer3670,123456
customer3671,123456
customer3672,123456
customer3673,123456
customer3674,123456
customer3675,123456
customer3676,123456
customer3677,123456
customer3678,123456
customer3679,123456
customer3680,123456
customer3681,123456
customer3682,123456
customer3683,123456
customer3684,123456
customer3685,123456
customer3686,123456
customer3687,123456
customer3688,123456
customer3689,123456
customer3690,123456
customer3691,123456
customer3692,123456
customer3693,123456
customer3694,123456
customer3695,123456
customer3696,123456
customer3697,123456
customer3698,123456
customer3699,123456
customer3700,123456
customer3701,123456
customer3702,123456
customer3703,123456
customer3704,123456
customer3705,123456
customer3706,123456
customer3707,123456
customer3708,123456
customer3709,123456
customer3710,123456
customer3711,123456
customer3712,123456
customer3713,123456
customer3714,123456
customer3715,123456
customer3716,123456
customer3717,123456
customer3718,123456
customer3719,123456
customer3720,123456
customer3721,123456
customer3722,123456
customer3723,123456
customer3724,123456
customer3725,123456
customer3726,123456
customer3727,123456
customer3728,123456
customer3729,123456
customer3730,123456
customer3731,123456
customer3732,123456
customer3733,123456
customer3734,123456
customer3735,123456
customer3736,123456
customer3737,123456
customer3738,123456
customer3739,123456
customer3740,123456
customer3741,123456
customer3742,123456
customer3743,123456
customer3744,123456
customer3745,123456
customer3746,123456
customer3747,123456
customer3748,123456
customer3749,123456
customer3750,123456
customer3751,123456
customer3752,123456
customer3753,123456
customer3754,123456
customer3755,123456
customer3756,123456
customer3757,123456
customer3758,123456
customer3759,123456
customer3760,123456
customer3761,123456
customer3762,123456
customer3763,123456
customer3764,123456
customer3765,123456
customer3766,123456
customer3767,123456
customer3768,123456
customer3769,123456
customer3770,123456
customer3771,123456
customer3772,123456
customer3773,123456
customer3774,123456
customer3775,123456
customer3776,123456
customer3777,123456
customer3778,123456
customer3779,123456
customer3780,123456
customer3781,123456
customer3782,123456
customer3783,123456
customer3784,123456
customer3785,123456
customer3786,123456
customer3787,123456
customer3788,123456
customer3789,123456
customer3790,123456
customer3791,123456
customer3792,123456
customer3793,123456
customer3794,123456
customer3795,123456
customer3796,123456
customer3797,123456
customer3798,123456
customer3799,123456
customer3800,123456
customer3801,123456
customer3802,123456
customer3803,123456
customer3804,123456
customer3805,123456
customer3806,123456
customer3807,123456
customer3808,123456
customer3809,123456
customer3810,123456
customer3811,123456
customer3812,123456
customer3813,123456
customer3814,123456
customer3815,123456
customer3816,123456
customer3817,123456
customer3818,123456
customer3819,123456
customer3820,123456
customer3821,123456
customer3822,123456
customer3823,123456
customer3824,123456
customer3825,123456
customer3826,123456
customer3827,123456
customer3828,123456
customer3829,123456
customer3830,123456
customer3831,123456
customer3832,123456
customer3833,123456
customer3834,123456
customer3835,123456
customer3836,123456
customer3837,123456
customer3838,123456
customer3839,123456
customer3840,123456
customer3841,123456
customer3842,123456
customer3843,123456
customer3844,123456
customer3845,123456
customer3846,123456
customer3847,123456
customer3848,123456
customer3849,123456
customer3850,123456
customer3851,123456
customer3852,123456
customer3853,123456
customer3854,123456
customer3855,123456
customer3856,123456
customer3857,123456
customer3858,123456
customer3859,123456
customer3860,123456
customer3861,123456
customer3862,123456
customer3863,123456
customer3864,123456
customer3865,123456
customer3866,123456
customer3867,123456
customer3868,123456
customer3869,123456
customer3870,123456
customer3871,123456
customer3872,123456
customer3873,123456
customer3874,123456
customer3875,123456
customer3876,123456
customer3877,123456
customer3878,123456
customer3879,123456
customer3880,123456
customer3881,123456
customer3882,123456
customer3883,123456
customer3884,123456
customer3885,123456
customer3886,123456
customer3887,123456
customer3888,123456
customer3889,123456
customer3890,123456
customer3891,123456
customer3892,123456
customer3893,123456
customer3894,123456
customer3895,123456
customer3896,123456
customer3897,123456
customer3898,123456
customer3899,123456
customer3900,123456
customer3901,123456
customer3902,123456
customer3903,123456
customer3904,123456
customer3905,123456
customer3906,123456
customer3907,123456
customer3908,123456
customer3909,123456
customer3910,123456
customer3911,123456
customer3912,123456
customer3913,123456
customer3914,123456
customer3915,123456
customer3916,123456
customer3917,123456
customer3918,123456
customer3919,123456
customer3920,123456
customer3921,123456
customer3922,123456
customer3923,123456
customer3924,123456
customer3925,123456
customer3926,123456
customer3927,123456
customer3928,123456
customer3929,123456
customer3930,123456
customer3931,123456
customer3932,123456
customer3933,123456
customer3934,123456
customer3935,123456
customer3936,123456
customer3937,123456
customer3938,123456
customer3939,123456
customer3940,123456
customer3941,123456
customer3942,123456
customer3943,123456
customer3944,123456
customer3945,123456
customer3946,123456
customer3947,123456
customer3948,123456
customer3949,123456
customer3950,123456
customer3951,123456
customer3952,123456
customer3953,123456
customer3954,123456
customer3955,123456
customer3956,123456
customer3957,123456
customer3958,123456
customer3959,123456
customer3960,123456
customer3961,123456
customer3962,123456
customer3963,123456
customer3964,123456
customer3965,123456
customer3966,123456
customer3967,123456
customer3968,123456
customer3969,123456
customer3970,123456
customer3971,123456
customer3972,123456
customer3973,123456
customer3974,123456
customer3975,123456
customer3976,123456
customer3977,123456
customer3978,123456
customer3979,123456
customer3980,123456
customer3981,123456
customer3982,123456
customer3983,123456
customer3984,123456
customer3985,123456
customer3986,123456
customer3987,123456
customer3988,123456
customer3989,123456
customer3990,123456
customer3991,123456
customer3992,123456
customer3993,123456
customer3994,123456
customer3995,123456
customer3996,123456
customer3997,123456
customer3998,123456
customer3999,123456
customer4000,123456
customer4001,123456
customer4002,123456
customer4003,123456
customer4004,123456
customer4005,123456
customer4006,123456
customer4007,123456
customer4008,123456
customer4009,123456
customer4010,123456
customer4011,123456
customer4012,123456
customer4013,123456
customer4014,123456
customer4015,123456
customer4016,123456
customer4017,123456
customer4018,123456
customer4019,123456
customer4020,123456
customer4021,123456
customer4022,123456
customer4023,123456
customer4024,123456
customer4025,123456
customer4026,123456
customer4027,123456
customer4028,123456
customer4029,123456
customer4030,123456
customer4031,123456
customer4032,123456
customer4033,123456
customer4034,123456
customer4035,123456
customer4036,123456
customer4037,123456
customer4038,123456
customer4039,123456
customer4040,123456
customer4041,123456
customer4042,123456
customer4043,123456
customer4044,123456
customer4045,123456
customer4046,123456
customer4047,123456
customer4048,123456
customer4049,123456
customer4050,123456
customer4051,123456
customer4052,123456
customer4053,123456
customer4054,123456
customer4055,123456
customer4056,123456
customer4057,123456
customer4058,123456
customer4059,123456
customer4060,123456
customer4061,123456
customer4062,123456
customer4063,123456
customer4064,123456
customer4065,123456
customer4066,123456
customer4067,123456
customer4068,123456
customer4069,123456
customer4070,123456
customer4071,123456
customer4072,123456
customer4073,123456
customer4074,123456
customer4075,123456
customer4076,123456
customer4077,123456
customer4078,123456
customer4079,123456
customer4080,123456
customer4081,123456
customer4082,123456
customer4083,123456
customer4084,123456
customer4085,123456
customer4086,123456
customer4087,123456
customer4088,123456
customer4089,123456
customer4090,123456
customer4091,123456
customer4092,123456
customer4093,123456
customer4094,123456
customer4095,123456
customer4096,123456
customer4097,123456
customer4098,123456
customer4099,123456
customer4100,123456
customer4101,123456
customer4102,123456
customer4103,123456
customer4104,123456
customer4105,123456
customer4106,123456
customer4107,123456
customer4108,123456
customer4109,123456
customer4110,123456
customer4111,123456
customer4112,123456
customer4113,123456
customer4114,123456
customer4115,123456
customer4116,123456
customer4117,123456
customer4118,123456
customer4119,123456
customer4120,123456
customer4121,123456
customer4122,123456
customer4123,123456
customer4124,123456
customer4125,123456
customer4126,123456
customer4127,123456
customer4128,123456
customer4129,123456
customer4130,123456
customer4131,123456
customer4132,123456
customer4133,123456
customer4134,123456
customer4135,123456
customer4136,123456
customer4137,123456
customer4138,123456
customer4139,123456
customer4140,123456
customer4141,123456
customer4142,123456
customer4143,123456
customer4144,123456
customer4145,123456
customer4146,123456
customer4147,123456
customer4148,123456
customer4149,123456
customer4150,123456
customer4151,123456
customer4152,123456
customer4153,123456
customer4154,123456
customer4155,123456
customer4156,123456
customer4157,123456
customer4158,123456
customer4159,123456
customer4160,123456
customer4161,123456
customer4162,123456
customer4163,123456
customer4164,123456
customer4165,123456
customer4166,123456
customer4167,123456
customer4168,123456
customer4169,123456
customer4170,123456
customer4171,123456
customer4172,123456
customer4173,123456
customer4174,123456
customer4175,123456
customer4176,123456
customer4177,123456
customer4178,123456
customer4179,123456
customer4180,123456
customer4181,123456
customer4182,123456
customer4183,123456
customer4184,123456
customer4185,123456
customer4186,123456
customer4187,123456
customer4188,123456
customer4189,123456
customer4190,123456
customer4191,123456
customer4192,123456
customer4193,123456
customer4194,123456
customer4195,123456
customer4196,123456
customer4197,123456
customer4198,123456
customer4199,123456
customer4200,123456
customer4201,123456
customer4202,123456
customer4203,123456
customer4204,123456
customer4205,123456
customer4206,123456
customer4207,123456
customer4208,123456
customer4209,123456
customer4210,123456
customer4211,123456
customer4212,123456
customer4213,123456
customer4214,123456
customer4215,123456
customer4216,123456
customer4217,123456
customer4218,123456
customer4219,123456
customer4220,123456
customer4221,123456
customer4222,123456
customer4223,123456
customer4224,123456
customer4225,123456
customer4226,123456
customer4227,123456
customer4228,123456
customer4229,123456
customer4230,123456
customer4231,123456
customer4232,123456
customer4233,123456
customer4234,123456
customer4235,123456
customer4236,123456
customer4237,123456
customer4238,123456
customer4239,123456
customer4240,123456
customer4241,123456
customer4242,123456
customer4243,123456
customer4244,123456
customer4245,123456
customer4246,123456
customer4247,123456
customer4248,123456
customer4249,123456
customer4250,123456
customer4251,123456
customer4252,123456
customer4253,123456
customer4254,123456
customer4255,123456
customer4256,123456
customer4257,123456
customer4258,123456
customer4259,123456
customer4260,123456
customer4261,123456
customer4262,123456
customer4263,123456
customer4264,123456
customer4265,123456
customer4266,123456
customer4267,123456
customer4268,123456
customer4269,123456
customer4270,123456
customer4271,123456
customer4272,123456
customer4273,123456
customer4274,123456
customer4275,123456
customer4276,123456
customer4277,123456
customer4278,123456
customer4279,123456
customer4280,123456
customer4281,123456
customer4282,123456
customer4283,123456
customer4284,123456
customer4285,123456
customer4286,123456
customer4287,123456
customer4288,123456
customer4289,123456
customer4290,123456
customer4291,123456
customer4292,123456
customer4293,123456
customer4294,123456
customer4295,123456
customer4296,123456
customer4297,123456
customer4298,123456
customer4299,123456
customer4300,123456
customer4301,123456
customer4302,123456
customer4303,123456
customer4304,123456
customer4305,123456
customer4306,123456
customer4307,123456
customer4308,123456
customer4309,123456
customer4310,123456
customer4311,123456
customer4312,123456
customer4313,123456
customer4314,123456
customer4315,123456
customer4316,123456
customer4317,123456
customer4318,123456
customer4319,123456
customer4320,123456
customer4321,123456
customer4322,123456
customer4323,123456
customer4324,123456
customer4325,123456
customer4326,123456
customer4327,123456
customer4328,123456
customer4329,123456
customer4330,123456
customer4331,123456
customer4332,123456
customer4333,123456
customer4334,123456
customer4335,123456
customer4336,123456
customer4337,123456
customer4338,123456
customer4339,123456
customer4340,123456
customer4341,123456
customer4342,123456
customer4343,123456
customer4344,123456
customer4345,123456
customer4346,123456
customer4347,123456
customer4348,123456
customer4349,123456
customer4350,123456
customer4351,123456
customer4352,123456
customer4353,123456
customer4354,123456
customer4355,123456
customer4356,123456
customer4357,123456
customer4358,123456
customer4359,123456
customer4360,123456
customer4361,123456
customer4362,123456
customer4363,123456
customer4364,123456
customer4365,123456
customer4366,123456
customer4367,123456
customer4368,123456
customer4369,123456
customer4370,123456
customer4371,123456
customer4372,123456
customer4373,123456
customer4374,123456
customer4375,123456
customer4376,123456
customer4377,123456
customer4378,123456
customer4379,123456
customer4380,123456
customer4381,123456
customer4382,123456
customer4383,123456
customer4384,123456
customer4385,123456
customer4386,123456
customer4387,123456
customer4388,123456
customer4389,123456
customer4390,123456
customer4391,123456
customer4392,123456
customer4393,123456
customer4394,123456
customer4395,123456
customer4396,123456
customer4397,123456
customer4398,123456
customer4399,123456
customer4400,123456
customer4401,123456
customer4402,123456
customer4403,123456
customer4404,123456
customer4405,123456
customer4406,123456
customer4407,123456
customer4408,123456
customer4409,123456
customer4410,123456
customer4411,123456
customer4412,123456
customer4413,123456
customer4414,123456
customer4415,123456
customer4416,123456
customer4417,123456
customer4418,123456
customer4419,123456
customer4420,123456
customer4421,123456
customer4422,123456
customer4423,123456
customer4424,123456
customer4425,123456
customer4426,123456
customer4427,123456
customer4428,123456
customer4429,123456
customer4430,123456
customer4431,123456
customer4432,123456
customer4433,123456
customer4434,123456
customer4435,123456
customer4436,123456
customer4437,123456
customer4438,123456
customer4439,123456
customer4440,123456
customer4441,123456
customer4442,123456
customer4443,123456
customer4444,123456
customer4445,123456
customer4446,123456
customer4447,123456
customer4448,123456
customer4449,123456
customer4450,123456
customer4451,123456
customer4452,123456
customer4453,123456
customer4454,123456
customer4455,123456
customer4456,123456
customer4457,123456
customer4458,123456
customer4459,123456
customer4460,123456
customer4461,123456
customer4462,123456
customer4463,123456
customer4464,123456
customer4465,123456
customer4466,123456
customer4467,123456
customer4468,123456
customer4469,123456
customer4470,123456
customer4471,123456
customer4472,123456
customer4473,123456
customer4474,123456
customer4475,123456
customer4476,123456
customer4477,123456
customer4478,123456
customer4479,123456
customer4480,123456
customer4481,123456
customer4482,123456
customer4483,123456
customer4484,123456
customer4485,123456
customer4486,123456
customer4487,123456
customer4488,123456
customer4489,123456
customer4490,123456
customer4491,123456
customer4492,123456
customer4493,123456
customer4494,123456
customer4495,123456
customer4496,123456
customer4497,123456
customer4498,123456
customer4499,123456
customer4500,123456
customer4501,123456
customer4502,123456
customer4503,123456
customer4504,123456
customer4505,123456
customer4506,123456
customer4507,123456
customer4508,123456
customer4509,123456
customer4510,123456
customer4511,123456
customer4512,123456
customer4513,123456
customer4514,123456
customer4515,123456
customer4516,123456
customer4517,123456
customer4518,123456
customer4519,123456
customer4520,123456
customer4521,123456
customer4522,123456
customer4523,123456
customer4524,123456
customer4525,123456
customer4526,123456
customer4527,123456
customer4528,123456
customer4529,123456
customer4530,123456
customer4531,123456
customer4532,123456
customer4533,123456
customer4534,123456
customer4535,123456
customer4536,123456
customer4537,123456
customer4538,123456
customer4539,123456
customer4540,123456
customer4541,123456
customer4542,123456
customer4543,123456
customer4544,123456
customer4545,123456
customer4546,123456
customer4547,123456
customer4548,123456
customer4549,123456
customer4550,123456
customer4551,123456
customer4552,123456
customer4553,123456
customer4554,123456
customer4555,123456
customer4556,123456
customer4557,123456
customer4558,123456
customer4559,123456
customer4560,123456
customer4561,123456
customer4562,123456
customer4563,123456
customer4564,123456
customer4565,123456
customer4566,123456
customer4567,123456
customer4568,123456
customer4569,123456
customer4570,123456
customer4571,123456
customer4572,123456
customer4573,123456
customer4574,123456
customer4575,123456
customer4576,123456
customer4577,123456
customer4578,123456
customer4579,123456
customer4580,123456
customer4581,123456
customer4582,123456
customer4583,123456
customer4584,123456
customer4585,123456
customer4586,123456
customer4587,123456
customer4588,123456
customer4589,123456
customer4590,123456
customer4591,123456
customer4592,123456
customer4593,123456
customer4594,123456
customer4595,123456
customer4596,123456
customer4597,123456
customer4598,123456
customer4599,123456
customer4600,123456
customer4601,123456
customer4602,123456
customer4603,123456
customer4604,123456
customer4605,123456
customer4606,123456
customer4607,123456
customer4608,123456
customer4609,123456
customer4610,123456
customer4611,123456
customer4612,123456
customer4613,123456
customer4614,123456
customer4615,123456
customer4616,123456
customer4617,123456
customer4618,123456
customer4619,123456
customer4620,123456
customer4621,123456
customer4622,123456
customer4623,123456
customer4624,123456
customer4625,123456
customer4626,123456
customer4627,123456
customer4628,123456
customer4629,123456
customer4630,123456
customer4631,123456
customer4632,123456
customer4633,123456
customer4634,123456
customer4635,123456
customer4636,123456
customer4637,123456
customer4638,123456
customer4639,123456
customer4640,123456
customer4641,123456
customer4642,123456
customer4643,123456
customer4644,123456
customer4645,123456
customer4646,123456
customer4647,123456
customer4648,123456
customer4649,123456
customer4650,123456
customer4651,123456
customer4652,123456
customer4653,123456
customer4654,123456
customer4655,123456
customer4656,123456
customer4657,123456
customer4658,123456
customer4659,123456
customer4660,123456
customer4661,123456
customer4662,123456
customer4663,123456
customer4664,123456
customer4665,123456
customer4666,123456
customer4667,123456
customer4668,123456
customer4669,123456
customer4670,123456
customer4671,123456
customer4672,123456
customer4673,123456
customer4674,123456
customer4675,123456
customer4676,123456
customer4677,123456
customer4678,123456
customer4679,123456
customer4680,123456
customer4681,123456
customer4682,123456
customer4683,123456
customer4684,123456
customer4685,123456
customer4686,123456
customer4687,123456
customer4688,123456
customer4689,123456
customer4690,123456
customer4691,123456
customer4692,123456
customer4693,123456
customer4694,123456
customer4695,123456
customer4696,123456
customer4697,123456
customer4698,123456
customer4699,123456
customer4700,123456
customer4701,123456
customer4702,123456
customer4703,123456
customer4704,123456
customer4705,123456
customer4706,123456
customer4707,123456
customer4708,123456
customer4709,123456
customer4710,123456
customer4711,123456
customer4712,123456
customer4713,123456
customer4714,123456
customer4715,123456
customer4716,123456
customer4717,123456
customer4718,123456
customer4719,123456
customer4720,123456
customer4721,123456
customer4722,123456
customer4723,123456
customer4724,123456
customer4725,123456
customer4726,123456
customer4727,123456
customer4728,123456
customer4729,123456
customer4730,123456
customer4731,123456
customer4732,123456
customer4733,123456
customer4734,123456
customer4735,123456
customer4736,123456
customer4737,123456
customer4738,123456
customer4739,123456
customer4740,123456
customer4741,123456
customer4742,123456
customer4743,123456
customer4744,123456
customer4745,123456
customer4746,123456
customer4747,123456
customer4748,123456
customer4749,123456
customer4750,123456
customer4751,123456
customer4752,123456
customer4753,123456
customer4754,123456
customer4755,123456
customer4756,123456
customer4757,123456
customer4758,123456
customer4759,123456
customer4760,123456
customer4761,123456
customer4762,123456
customer4763,123456
customer4764,123456
customer4765,123456
customer4766,123456
customer4767,123456
customer4768,123456
customer4769,123456
customer4770,123456
customer4771,123456
customer4772,123456
customer4773,123456
customer4774,123456
customer4775,123456
customer4776,123456
customer4777,123456
customer4778,123456
customer4779,123456
customer4780,123456
customer4781,123456
customer4782,123456
customer4783,123456
customer4784,123456
customer4785,123456
customer4786,123456
customer4787,123456
customer4788,123456
customer4789,123456
customer4790,123456
customer4791,123456
customer4792,123456
customer4793,123456
customer4794,123456
customer4795,123456
customer4796,123456
customer4797,123456
customer4798,123456
customer4799,123456
customer4800,123456
customer4801,123456
customer4802,123456
customer4803,123456
customer4804,123456
customer4805,123456
customer4806,123456
customer4807,123456
customer4808,123456
customer4809,123456
customer4810,123456
customer4811,123456
customer4812,123456
customer4813,123456
customer4814,123456
customer4815,123456
customer4816,123456
customer4817,123456
customer4818,123456
customer4819,123456
customer4820,123456
customer4821,123456
customer4822,123456
customer4823,123456
customer4824,123456
customer4825,123456
customer4826,123456
customer4827,123456
customer4828,123456
customer4829,123456
customer4830,123456
customer4831,123456
customer4832,123456
customer4833,123456
customer4834,123456
customer4835,123456
customer4836,123456
customer4837,123456
customer4838,123456
customer4839,123456
customer4840,123456
customer4841,123456
customer4842,123456
customer4843,123456
customer4844,123456
customer4845,123456
customer4846,123456
customer4847,123456
customer4848,123456
customer4849,123456
customer4850,123456
customer4851,123456
customer4852,123456
customer4853,123456
customer4854,123456
customer4855,123456
customer4856,123456
customer4857,123456
customer4858,123456
customer4859,123456
customer4860,123456
customer4861,123456
customer4862,123456
customer4863,123456
customer4864,123456
customer4865,123456
customer4866,123456
customer4867,123456
customer4868,123456
customer4869,123456
customer4870,123456
customer4871,123456
customer4872,123456
customer4873,123456
customer4874,123456
customer4875,123456
customer4876,123456
customer4877,123456
customer4878,123456
customer4879,123456
customer4880,123456
customer4881,123456
customer4882,123456
customer4883,123456
customer4884,123456
customer4885,123456
customer4886,123456
customer4887,123456
customer4888,123456
customer4889,123456
customer4890,123456
customer4891,123456
customer4892,123456
customer4893,123456
customer4894,123456
customer4895,123456
customer4896,123456
customer4897,123456
customer4898,123456
customer4899,123456
customer4900,123456
customer4901,123456
customer4902,123456
customer4903,123456
customer4904,123456
customer4905,123456
customer4906,123456
customer4907,123456
customer4908,123456
customer4909,123456
customer4910,123456
customer4911,123456
customer4912,123456
customer4913,123456
customer4914,123456
customer4915,123456
customer4916,123456
customer4917,123456
customer4918,123456
customer4919,123456
customer4920,123456
customer4921,123456
customer4922,123456
customer4923,123456
customer4924,123456
customer4925,123456
customer4926,123456
customer4927,123456
customer4928,123456
customer4929,123456
customer4930,123456
customer4931,123456
customer4932,123456
customer4933,123456
customer4934,123456
customer4935,123456
customer4936,123456
customer4937,123456
customer4938,123456
customer4939,123456
customer4940,123456
customer4941,123456
customer4942,123456
customer4943,123456
customer4944,123456
customer4945,123456
customer4946,123456
customer4947,123456
customer4948,123456
customer4949,123456
customer4950,123456
customer4951,123456
customer4952,123456
customer4953,123456
customer4954,123456
customer4955,123456
customer4956,123456
customer4957,123456
customer4958,123456
customer4959,123456
customer4960,123456
customer4961,123456
customer4962,123456
customer4963,123456
customer4964,123456
customer4965,123456
customer4966,123456
customer4967,123456
customer4968,123456
customer4969,123456
customer4970,123456
customer4971,123456
customer4972,123456
customer4973,123456
customer4974,123456
customer4975,123456
customer4976,123456
customer4977,123456
customer4978,123456
customer4979,123456
customer4980,123456
customer4981,123456
customer4982,123456
customer4983,123456
customer4984,123456
customer4985,123456
customer4986,123456
customer4987,123456
customer4988,123456
customer4989,123456
customer4990,123456
customer4991,123456
customer4992,123456
customer4993,123456
customer4994,123456
customer4995,123456
customer4996,123456
customer4997,123456
customer4998,123456
customer4999,123456
customer5000,123456
customer5001,123456
customer5002,123456
customer5003,123456
customer5004,123456
customer5005,123456
customer5006,123456
customer5007,123456
customer5008,123456
customer5009,123456
customer5010,123456
customer5011,123456
customer5012,123456
customer5013,123456
customer5014,123456
customer5015,123456
customer5016,123456
customer5017,123456
customer5018,123456
customer5019,123456
customer5020,123456
customer5021,123456
customer5022,123456
customer5023,123456
customer5024,123456
customer5025,123456
customer5026,123456
customer5027,123456
customer5028,123456
customer5029,123456
customer5030,123456
customer5031,123456
customer5032,123456
customer5033,123456
customer5034,123456
customer5035,123456
customer5036,123456
customer5037,123456
customer5038,123456
customer5039,123456
customer5040,123456
customer5041,123456
customer5042,123456
customer5043,123456
customer5044,123456
customer5045,123456
customer5046,123456
customer5047,123456
customer5048,123456
customer5049,123456
customer5050,123456
customer5051,123456
customer5052,123456
customer5053,123456
customer5054,123456
customer5055,123456
customer5056,123456
customer5057,123456
customer5058,123456
customer5059,123456
customer5060,123456
customer5061,123456
customer5062,123456
customer5063,123456
customer5064,123456
customer5065,123456
customer5066,123456
customer5067,123456
customer5068,123456
customer5069,123456
customer5070,123456
customer5071,123456
customer5072,123456
customer5073,123456
customer5074,123456
customer5075,123456
customer5076,123456
customer5077,123456
customer5078,123456
customer5079,123456
customer5080,123456
customer5081,123456
customer5082,123456
customer5083,123456
customer5084,123456
customer5085,123456
customer5086,123456
customer5087,123456
customer5088,123456
customer5089,123456
customer5090,123456
customer5091,123456
customer5092,123456
customer5093,123456
customer5094,123456
customer5095,123456
customer5096,123456
customer5097,123456